[{
	"name": "NACH0.ColonyManager",
	"version": "1.0.0",
	"namepretty": "NACH0's Colony Manager",
	"dllpath" : "ColonyManager.dll",
	"enabled": true,
	"marksgamemodded": true,
	"compatibleversions": [
		"0.7.0"
	],
	"jsonFiles": [
		{
			"relativePath" : "gamedata/locale/en-US.json",
			"fileType" : "addOrOverrideLocalization",
			"index" : 15000
		}
	],
	"patchnotes": [
		{
			"version": "1.0.0",
			"notes": [
				"Initial Release",
				"*If you find any issues or have suggestions join the discord",
				"*discord.gg/tqFhxhm"
			]
		}
	]
}]